<?xml version="1.0" encoding="UTF-8"?>
<payment-settings xmlns="http://www.demandware.com/xml/impex/paymentsettings/2009-09-15">
    <payment-method method-id="Adyen">
        <name xml:lang="x-default">Adyen</name>
        <description xml:lang="x-default">Adyen Redirect</description>
        <enabled-flag>true</enabled-flag>
        <processor-id>Adyen</processor-id>
    </payment-method>
	<payment-method method-id="CREDIT_CARD">
        <name xml:lang="x-default">Credit Card</name>
        <enabled-flag>true</enabled-flag>
        <processor-id>ADYEN_CREDIT</processor-id>
    </payment-method>
      <payment-method method-id="AdyenPOS">
        <name xml:lang="x-default">AdyenPOS</name>
        <description xml:lang="x-default">Adyen POS</description>
        <enabled-flag>true</enabled-flag>
        <processor-id>Adyen_POS</processor-id>
    </payment-method>
</payment-settings>
