<?xml version="1.0" encoding="UTF-8"?>
<preferences xmlns="http://www.demandware.com/xml/impex/preferences/2007-03-31">
    <standard-preferences>
        <all-instances>           
            <preference preference-id="CustomCartridges">bm_adyen</preference>         
        </all-instances>
        <development/>
        <staging/>
        <production/>
    </standard-preferences>
    <custom-preferences>
        <all-instances/>
        <development/>
        <staging/>
        <production/>
    </custom-preferences>
</preferences>

