<?xml version="1.0" encoding="UTF-8"?>
<preferences xmlns="http://www.demandware.com/xml/impex/preferences/2007-03-31">
    <standard-preferences>   
    </standard-preferences>
    <custom-preferences>
        <all-instances/>
        <development>
            <preference preference-id="Adyen_Debug">true</preference>
            <preference preference-id="Adyen_HMACkey">123456789x</preference>
            <preference preference-id="Adyen_PaymentSelection">one</preference>
            <preference preference-id="Adyen_allowedMethods">mc,visa,amex,maestrouk,solo,ideal,elv,paypal,sepadirectdebit,bankTransfer_IBAN</preference>
            <preference preference-id="Adyen_merchantCode">N-Vision</preference>
            <preference preference-id="Adyen_skinCode">7uIGphb3</preference>
			<preference preference-id="pal_service_endpoint">https://pal-test.adyen.com/pal/adapter/httppost</preference>
            <preference preference-id="pal_service_password">Congo1995</preference>
            <preference preference-id="pal_service_user">ws@Company.N-VisionIS</preference>
           </development>        
        <production/>
    </custom-preferences>
</preferences>

