<?xml version="1.0" encoding="UTF-8"?>
<metadata xmlns="http://www.demandware.com/xml/impex/metadata/2006-10-31">
    <custom-type type-id="adyenNotification">
        <display-name xml:lang="x-default">Adyen Notification</display-name>
        <description xml:lang="x-default">Adyen Notification Update Queue</description>
        <staging-mode>no-staging</staging-mode>
        <storage-scope>site</storage-scope>
        <retention-days>3</retention-days>
        <key-definition attribute-id="orderId">
            <type>string</type>
            <min-length>0</min-length>
        </key-definition>
        <attribute-definitions>
            <attribute-definition attribute-id="currency">
                <display-name xml:lang="x-default">Currency</display-name>
                <type>string</type>
                <localizable-flag>false</localizable-flag>
                <mandatory-flag>false</mandatory-flag>
                <externally-managed-flag>false</externally-managed-flag>
                <min-length>0</min-length>
            </attribute-definition>
            <attribute-definition attribute-id="eventCode">
                <display-name xml:lang="x-default">Event Code</display-name>
                <type>string</type>
                <localizable-flag>false</localizable-flag>
                <mandatory-flag>false</mandatory-flag>
                <externally-managed-flag>false</externally-managed-flag>
                <min-length>0</min-length>
            </attribute-definition>
            <attribute-definition attribute-id="eventDate">
                <display-name xml:lang="x-default">Event Date</display-name>
                <type>string</type>
                <localizable-flag>false</localizable-flag>
                <mandatory-flag>false</mandatory-flag>
                <externally-managed-flag>false</externally-managed-flag>
                <min-length>0</min-length>
            </attribute-definition>
            <attribute-definition attribute-id="httpRemoteAddress">
                <display-name xml:lang="x-default">Remote Address</display-name>
                <type>string</type>
                <localizable-flag>false</localizable-flag>
                <mandatory-flag>false</mandatory-flag>
                <externally-managed-flag>false</externally-managed-flag>
                <min-length>0</min-length>
            </attribute-definition>
            <attribute-definition attribute-id="live">
                <display-name xml:lang="x-default">Live</display-name>
                <type>string</type>
                <localizable-flag>false</localizable-flag>
                <mandatory-flag>false</mandatory-flag>
                <externally-managed-flag>false</externally-managed-flag>
                <min-length>0</min-length>
            </attribute-definition>
            <attribute-definition attribute-id="merchantAccountCode">
                <display-name xml:lang="x-default">Merchant Account Code</display-name>
                <type>string</type>
                <localizable-flag>false</localizable-flag>
                <mandatory-flag>false</mandatory-flag>
                <externally-managed-flag>false</externally-managed-flag>
                <min-length>0</min-length>
            </attribute-definition>
            <attribute-definition attribute-id="merchantReference">
                <display-name xml:lang="x-default">Merchant Reference</display-name>
                <type>string</type>
                <localizable-flag>false</localizable-flag>
                <mandatory-flag>false</mandatory-flag>
                <externally-managed-flag>false</externally-managed-flag>
                <min-length>0</min-length>
            </attribute-definition>
            <attribute-definition attribute-id="operations">
                <display-name xml:lang="x-default">Operations</display-name>
                <type>string</type>
                <localizable-flag>false</localizable-flag>
                <mandatory-flag>false</mandatory-flag>
                <externally-managed-flag>false</externally-managed-flag>
                <min-length>0</min-length>
            </attribute-definition>
            <attribute-definition attribute-id="paymentMethod">
                <display-name xml:lang="x-default">Payment Method</display-name>
                <type>string</type>
                <localizable-flag>false</localizable-flag>
                <mandatory-flag>false</mandatory-flag>
                <externally-managed-flag>false</externally-managed-flag>
                <min-length>0</min-length>
            </attribute-definition>
            <attribute-definition attribute-id="processedDate">
                <display-name xml:lang="x-default">Processed Date</display-name>
                <type>datetime</type>
                <localizable-flag>false</localizable-flag>
                <mandatory-flag>false</mandatory-flag>
                <externally-managed-flag>false</externally-managed-flag>
            </attribute-definition>
            <attribute-definition attribute-id="processedStatus">
                <display-name xml:lang="x-default">Processed Status</display-name>
                <type>string</type>
                <localizable-flag>false</localizable-flag>
                <mandatory-flag>false</mandatory-flag>
                <externally-managed-flag>false</externally-managed-flag>
                <min-length>0</min-length>
            </attribute-definition>
            <attribute-definition attribute-id="pspReference">
                <display-name xml:lang="x-default">PSP Reference</display-name>
                <type>string</type>
                <localizable-flag>false</localizable-flag>
                <mandatory-flag>false</mandatory-flag>
                <externally-managed-flag>false</externally-managed-flag>
                <min-length>0</min-length>
            </attribute-definition>
            <attribute-definition attribute-id="reason">
                <display-name xml:lang="x-default">Reason</display-name>
                <type>string</type>
                <localizable-flag>false</localizable-flag>
                <mandatory-flag>false</mandatory-flag>
                <externally-managed-flag>false</externally-managed-flag>
                <min-length>0</min-length>
            </attribute-definition>
            <attribute-definition attribute-id="success">
                <display-name xml:lang="x-default">Success</display-name>
                <type>string</type>
                <localizable-flag>false</localizable-flag>
                <mandatory-flag>false</mandatory-flag>
                <externally-managed-flag>false</externally-managed-flag>
                <min-length>0</min-length>
            </attribute-definition>
            <attribute-definition attribute-id="updateStatus">
                <display-name xml:lang="x-default">Update Status</display-name>
                <type>enum-of-string</type>
                <localizable-flag>false</localizable-flag>
                <mandatory-flag>false</mandatory-flag>
                <externally-managed-flag>false</externally-managed-flag>
                <value-definitions>
                    <value-definition>
                        <display xml:lang="x-default">PENDING</display>
                        <value>PENDING</value>
                    </value-definition>
                    <value-definition>
                        <display xml:lang="x-default">PROCESSED</display>
                        <value>PROCESSED</value>
                    </value-definition>
                    <value-definition>
                        <display xml:lang="x-default">PROCESS</display>
                        <value>PROCESS</value>
                    </value-definition>
                </value-definitions>
            </attribute-definition>
            <attribute-definition attribute-id="value">
                <display-name xml:lang="x-default">Reason</display-name>
                <type>string</type>
                <localizable-flag>false</localizable-flag>
                <mandatory-flag>false</mandatory-flag>
                <externally-managed-flag>false</externally-managed-flag>
                <min-length>0</min-length>
            </attribute-definition>
            <attribute-definition attribute-id="version">
                <display-name xml:lang="x-default">Version</display-name>
                <type>string</type>
                <localizable-flag>false</localizable-flag>
                <mandatory-flag>false</mandatory-flag>
                <externally-managed-flag>false</externally-managed-flag>
                <min-length>0</min-length>
            </attribute-definition>
            <attribute-definition attribute-id="Adyen_log">
                <display-name xml:lang="x-default">Adyen Log</display-name>
                <type>text</type>
                <localizable-flag>false</localizable-flag>
                <mandatory-flag>false</mandatory-flag>
                <externally-managed-flag>false</externally-managed-flag>
            </attribute-definition>
        </attribute-definitions>
        <group-definitions>
            <attribute-group group-id="general">
                <display-name xml:lang="x-default">General</display-name>
                <attribute attribute-id="reason"/>
                <attribute attribute-id="orderId"/>
                <attribute attribute-id="creationDate" system="true"/>
                <attribute attribute-id="version"/>
                <attribute attribute-id="eventCode"/>
                <attribute attribute-id="merchantAccountCode"/>
                <attribute attribute-id="processedDate"/>
                <attribute attribute-id="operations"/>
                <attribute attribute-id="processedStatus"/>
                <attribute attribute-id="success"/>
                <attribute attribute-id="updateStatus"/>
                <attribute attribute-id="httpRemoteAddress"/>
                <attribute attribute-id="paymentMethod"/>
                <attribute attribute-id="currency"/>
                <attribute attribute-id="lastModified" system="true"/>
                <attribute attribute-id="merchantReference"/>
                <attribute attribute-id="pspReference"/>
                <attribute attribute-id="value"/>
                <attribute attribute-id="live"/>
                <attribute attribute-id="eventDate"/>
                <attribute attribute-id="Adyen_log"/>
            </attribute-group>
        </group-definitions>
    </custom-type>
</metadata>
