<?xml version="1.0" encoding="UTF-8"?>
<metadata xmlns="http://www.demandware.com/xml/impex/metadata/2006-10-31">
    <type-extension type-id="Order">
        <custom-attribute-definitions>
            <attribute-definition attribute-id="Adyen_eventCode">
                <display-name xml:lang="x-default">eventCode</display-name>
                <description xml:lang="x-default">AUTHORISATION, CANCELLATION, REFUND</description>
                <type>string</type>
                <mandatory-flag>false</mandatory-flag>
                <externally-managed-flag>false</externally-managed-flag>
                <min-length>0</min-length>
            </attribute-definition>
            <attribute-definition attribute-id="Adyen_paymentMethod">
                <display-name xml:lang="x-default">paymentMethod</display-name>
                <description xml:lang="x-default">paymentMethod used by shopper</description>
                <type>string</type>
                <mandatory-flag>false</mandatory-flag>
                <externally-managed-flag>false</externally-managed-flag>
                <min-length>0</min-length>
                <field-length>0</field-length>
            </attribute-definition>
            <attribute-definition attribute-id="Adyen_pspReference">
                <display-name xml:lang="x-default">pspReference</display-name>
                <description xml:lang="x-default">Internal Adyen ID</description>
                <type>string</type>
                <mandatory-flag>false</mandatory-flag>
                <externally-managed-flag>false</externally-managed-flag>
                <min-length>0</min-length>
                <field-length>0</field-length>
            </attribute-definition>
            <attribute-definition attribute-id="Adyen_value">
                <display-name xml:lang="x-default">Amount paid (in minor units)</display-name>
                <description xml:lang="x-default">Amount paid (in minor units)</description>
                <type>string</type>
                <mandatory-flag>false</mandatory-flag>
                <externally-managed-flag>false</externally-managed-flag>
                <min-length>0</min-length>
            </attribute-definition>
            <attribute-definition attribute-id="Adyen_CustomerEmail">
                <display-name xml:lang="x-default">Adyen Customer email</display-name>
                <description xml:lang="x-default">Confirmation email to shopper</description>
                <type>text</type>
                <mandatory-flag>false</mandatory-flag>
                <externally-managed-flag>false</externally-managed-flag>
                <min-length>0</min-length>
            </attribute-definition>
            <attribute-definition attribute-id="Adyen_donationAmount">
                <display-name xml:lang="x-default">Adyen donation amount</display-name>
                <description xml:lang="x-default">Amount donated via Adyen Giving</description>
                <type>string</type>
                <mandatory-flag>false</mandatory-flag>
                <externally-managed-flag>false</externally-managed-flag>
                <min-length>0</min-length>
            </attribute-definition>
        </custom-attribute-definitions>
        <group-definitions>
            <attribute-group group-id="AdyenPayments">
                <display-name xml:lang="x-default">AdyenPayments</display-name>
                <attribute attribute-id="Adyen_pspReference"/>
                <attribute attribute-id="Adyen_eventCode"/>
                <attribute attribute-id="Adyen_paymentMethod"/>
                <attribute attribute-id="Adyen_value"/>
                <attribute attribute-id="Adyen_donationAmount"/>
            </attribute-group>
        </group-definitions>
    </type-extension>

    <type-extension type-id="OrderPaymentInstrument">
        <custom-attribute-definitions>
            <attribute-definition attribute-id="adyenIssuerName">
                <display-name xml:lang="x-default">adyenIssuerName</display-name>
                <description xml:lang="x-default">Selected issuer name</description>
                <type>string</type>
                <mandatory-flag>false</mandatory-flag>
                <externally-managed-flag>false</externally-managed-flag>
                <min-length>0</min-length>
            </attribute-definition>
            <attribute-definition attribute-id="adyenPaymentMethod">
                <display-name xml:lang="x-default">adyenPaymentMethod</display-name>
                <description xml:lang="x-default">paymentMethod used by shopper</description>
                <type>string</type>
                <mandatory-flag>false</mandatory-flag>
                <externally-managed-flag>false</externally-managed-flag>
                <min-length>0</min-length>
                <field-length>0</field-length>
            </attribute-definition>
            <attribute-definition attribute-id="adyenAdditionalPaymentData">
                <display-name xml:lang="x-default">adyenAdditionalPaymentData</display-name>
                <description xml:lang="x-default">Additional data for payment method</description>
                <type>string</type>
                <mandatory-flag>false</mandatory-flag>
                <externally-managed-flag>false</externally-managed-flag>
                <min-length>0</min-length>
                <field-length>0</field-length>
            </attribute-definition>
             <attribute-definition attribute-id="adyenAction">
                <display-name xml:lang="x-default">adyenAction</display-name>
                <description xml:lang="x-default">Action data from payment response</description>
                <type>text</type>
                <mandatory-flag>false</mandatory-flag>
                <externally-managed-flag>false</externally-managed-flag>
                <min-length>0</min-length>
                <field-length>0</field-length>
            </attribute-definition>
            <attribute-definition attribute-id="adyenPaymentData">
                <display-name xml:lang="x-default">adyenPaymentData</display-name>
                <description xml:lang="x-default">Adyen PaymentData 3D Secure</description>
                <type>text</type>
                <mandatory-flag>false</mandatory-flag>
                <externally-managed-flag>false</externally-managed-flag>
                <min-length>0</min-length>
                <field-length>0</field-length>
            </attribute-definition>
            <attribute-definition attribute-id="adyenMD">
                <display-name xml:lang="x-default">adyenMD</display-name>
                <description xml:lang="x-default">Adyen MD for 3D Secure</description>
                <type>text</type>
                <mandatory-flag>false</mandatory-flag>
                <externally-managed-flag>false</externally-managed-flag>
                <min-length>0</min-length>
                <field-length>0</field-length>
            </attribute-definition>
            <attribute-definition attribute-id="adyenRedirectURL">
                <display-name xml:lang="x-default">adyenRedirectURL</display-name>
                <description xml:lang="x-default">Redirect URL</description>
                <type>text</type>
                <mandatory-flag>false</mandatory-flag>
                <externally-managed-flag>false</externally-managed-flag>
                <min-length>0</min-length>
                <field-length>0</field-length>
            </attribute-definition>
        </custom-attribute-definitions>
        <group-definitions>
            <attribute-group group-id="AdyenPayment">
                <display-name xml:lang="x-default">AdyenPayment</display-name>
                <attribute attribute-id="adyenIssuerName"/>
                <attribute attribute-id="adyenPaymentMethod"/>
            </attribute-group>
        </group-definitions>
    </type-extension>

    <type-extension type-id="CustomerPaymentInstrument">
            <custom-attribute-definitions>
                <attribute-definition attribute-id="adyenCreditCardType">
                    <display-name xml:lang="x-default">adyenCreditCardType</display-name>
                    <description xml:lang="x-default">Adyen Credit card type</description>
                    <type>string</type>
                    <mandatory-flag>false</mandatory-flag>
                    <externally-managed-flag>false</externally-managed-flag>
                    <min-length>0</min-length>
                </attribute-definition>
                <attribute-definition attribute-id="adyenPaymentData">
                    <display-name xml:lang="x-default">adyenPaymentData</display-name>
                    <description xml:lang="x-default">adyenPaymentData</description>
                    <type>text</type>
                    <mandatory-flag>false</mandatory-flag>
                    <externally-managed-flag>false</externally-managed-flag>
                    <min-length>0</min-length>
                    <field-length>0</field-length>
                </attribute-definition>
            </custom-attribute-definitions>
            <group-definitions>
                <attribute-group group-id="AdyenPayment">
                    <display-name xml:lang="x-default">AdyenPayment</display-name>
                    <attribute attribute-id="adyenCreditCardType"/>
                </attribute-group>
            </group-definitions>
    </type-extension>

    <type-extension type-id="PaymentTransaction">
        <system-attribute-definitions>
            <attribute-definition attribute-id="UUID">
                <min-length>0</min-length>
                <field-length>28</field-length>
            </attribute-definition>
            <attribute-definition attribute-id="creationDate"/>
            <attribute-definition attribute-id="lastModified"/>
            <attribute-definition attribute-id="transactionID">
                <min-length>0</min-length>
            </attribute-definition>
            <attribute-definition attribute-id="type">
                <value-definitions immutable="true">
                    <value-definition>
                        <display xml:lang="x-default">Authorization</display>
                        <value>TYPE_AUTH</value>
                    </value-definition>
                    <value-definition>
                        <display xml:lang="x-default">Authorization Reversal</display>
                        <value>TYPE_AUTH_REVERSAL</value>
                    </value-definition>
                    <value-definition>
                        <display xml:lang="x-default">Capture</display>
                        <value>TYPE_CAPTURE</value>
                    </value-definition>
                    <value-definition>
                        <display xml:lang="x-default">Credit</display>
                        <value>TYPE_CREDIT</value>
                    </value-definition>
                </value-definitions>
            </attribute-definition>
        </system-attribute-definitions>
        <custom-attribute-definitions>
            <attribute-definition attribute-id="AmountPaid">
                <display-name xml:lang="x-default">Amount Paid</display-name>
                <type>double</type>
                <mandatory-flag>false</mandatory-flag>
                <externally-managed-flag>false</externally-managed-flag>
            </attribute-definition>
            <attribute-definition attribute-id="approvalStatus">
                <display-name xml:lang="x-default">Approval Status</display-name>
                <type>string</type>
                <mandatory-flag>false</mandatory-flag>
                <externally-managed-flag>false</externally-managed-flag>
                <min-length>0</min-length>
            </attribute-definition>
            <attribute-definition attribute-id="authAmount">
                <display-name xml:lang="x-default">Auth Amount</display-name>
                <type>string</type>
                <mandatory-flag>false</mandatory-flag>
                <externally-managed-flag>false</externally-managed-flag>
                <min-length>0</min-length>
            </attribute-definition>
            <attribute-definition attribute-id="authCode">
                <display-name xml:lang="x-default">Authorization Code</display-name>
                <type>string</type>
                <mandatory-flag>false</mandatory-flag>
                <externally-managed-flag>false</externally-managed-flag>
                <min-length>0</min-length>
            </attribute-definition>
            <attribute-definition attribute-id="cardType">
                <display-name xml:lang="x-default">Card Type</display-name>
                <type>string</type>
                <mandatory-flag>false</mandatory-flag>
                <externally-managed-flag>false</externally-managed-flag>
                <min-length>0</min-length>
            </attribute-definition>
            <attribute-definition attribute-id="requestId">
                <display-name xml:lang="x-default">Request ID</display-name>
                <type>string</type>
                <mandatory-flag>false</mandatory-flag>
                <externally-managed-flag>false</externally-managed-flag>
                <min-length>0</min-length>
            </attribute-definition>
            <attribute-definition attribute-id="requestToken">
                <display-name xml:lang="x-default">Request Token</display-name>
                <type>string</type>
                <mandatory-flag>false</mandatory-flag>
                <externally-managed-flag>false</externally-managed-flag>
                <min-length>0</min-length>
            </attribute-definition>
            <attribute-definition attribute-id="Adyen_log">
                <display-name xml:lang="x-default">Adyen Log</display-name>
                <type>text</type>
                <mandatory-flag>false</mandatory-flag>
                <externally-managed-flag>false</externally-managed-flag>
            </attribute-definition>
            <attribute-definition attribute-id="Adyen_authResult">
                <display-name xml:lang="x-default">Adyen_authResult</display-name>
                <type>string</type>
                <mandatory-flag>false</mandatory-flag>
                <externally-managed-flag>false</externally-managed-flag>
            </attribute-definition>
             <attribute-definition attribute-id="Adyen_merchantReference">
                <display-name xml:lang="x-default">Adyen_merchantReference</display-name>
                <type>string</type>
                <mandatory-flag>false</mandatory-flag>
                <externally-managed-flag>false</externally-managed-flag>
            </attribute-definition>
             <attribute-definition attribute-id="Adyen_merchantReturnData">
                <display-name xml:lang="x-default">Adyen_merchantReturnData</display-name>
                <type>string</type>
                <mandatory-flag>false</mandatory-flag>
                <externally-managed-flag>false</externally-managed-flag>
            </attribute-definition>
             <attribute-definition attribute-id="Adyen_merchantSig">
                <display-name xml:lang="x-default">Adyen_merchantSig</display-name>
                <type>string</type>
                <mandatory-flag>false</mandatory-flag>
                <externally-managed-flag>false</externally-managed-flag>
            </attribute-definition>
             <attribute-definition attribute-id="Adyen_paymentMethod">
                <display-name xml:lang="x-default">Adyen_paymentMethod</display-name>
                <type>string</type>
                <mandatory-flag>false</mandatory-flag>
                <externally-managed-flag>false</externally-managed-flag>
            </attribute-definition>
             <attribute-definition attribute-id="Adyen_pspReference">
                <display-name xml:lang="x-default">Adyen_pspReference</display-name>
                <type>string</type>
                <mandatory-flag>false</mandatory-flag>
                <externally-managed-flag>false</externally-managed-flag>
            </attribute-definition>
             <attribute-definition attribute-id="Adyen_shopperLocale">
                <display-name xml:lang="x-default">Adyen_shopperLocale</display-name>
                <type>string</type>
                <mandatory-flag>false</mandatory-flag>
                <externally-managed-flag>false</externally-managed-flag>
            </attribute-definition>
             <attribute-definition attribute-id="Adyen_skinCode">
                <display-name xml:lang="x-default">Adyen_skinCode</display-name>
                <type>string</type>
                <mandatory-flag>false</mandatory-flag>
                <externally-managed-flag>false</externally-managed-flag>
            </attribute-definition>
        </custom-attribute-definitions>
    </type-extension>

    <type-extension type-id="SitePreferences">
        <custom-attribute-definitions>
            <attribute-definition attribute-id="Adyen3DS2Enabled">
                <display-name xml:lang="x-default">3DS2 Enabled</display-name>
                <type>boolean</type>
                <mandatory-flag>false</mandatory-flag>
                <externally-managed-flag>false</externally-managed-flag>
                <default-value>true</default-value>
            </attribute-definition>
            <attribute-definition attribute-id="AdyenRatePayID">
                <display-name xml:lang="x-default">RatePay ID</display-name>
                <type>string</type>
                <mandatory-flag>false</mandatory-flag>
                <externally-managed-flag>false</externally-managed-flag>
                <default-value></default-value>
            </attribute-definition>
            <attribute-definition attribute-id="AdyenOneClickEnabled">
                <display-name xml:lang="x-default">Store shopper details: one-click</display-name>
                <description xml:lang="x-default">Tokenize shopper details for one-click payments</description>
                <type>boolean</type>
                <mandatory-flag>false</mandatory-flag>
                <externally-managed-flag>false</externally-managed-flag>
                <default-value>false</default-value>
            </attribute-definition>
            <attribute-definition attribute-id="AdyenCreditCardInstallments">
                <display-name xml:lang="x-default">Credit Card Installments</display-name>
                <description xml:lang="x-default">If installments are required please create the configuration value using this link: https://adyen.github.io/adyen-salesforce-commerce-cloud</description>
                <type>string</type>
                <mandatory-flag>false</mandatory-flag>
                <externally-managed-flag>false</externally-managed-flag>
            </attribute-definition>
            <attribute-definition attribute-id="AdyenBasketFieldsEnabled">
                <display-name xml:lang="x-default">Basket Fields Enabled</display-name>
                <type>boolean</type>
                <mandatory-flag>false</mandatory-flag>
                <externally-managed-flag>false</externally-managed-flag>
                <default-value>true</default-value>
            </attribute-definition>
            <attribute-definition attribute-id="AdyenCardHolderName_enabled">
                <display-name xml:lang="x-default">Show input field for card holder name</display-name>
                <type>boolean</type>
                <mandatory-flag>false</mandatory-flag>
                <externally-managed-flag>false</externally-managed-flag>
                <default-value>true</default-value>
            </attribute-definition>
            <attribute-definition attribute-id="AdyenLevel23DataEnabled">
                <display-name xml:lang="x-default">Level 2/3 Data Authorisation Enabled</display-name>
                <type>boolean</type>
                <mandatory-flag>false</mandatory-flag>
                <externally-managed-flag>false</externally-managed-flag>
                <default-value>true</default-value>
            </attribute-definition>
            <attribute-definition attribute-id="AdyenLevel23_CommodityCode">
                <display-name xml:lang="x-default">Commodity Code that best describes your products (only applicable for Level 2/3 Data Authorisation) https://www.unspsc.org/search-code</display-name>
                <type>string</type>
                <mandatory-flag>false</mandatory-flag>
                <externally-managed-flag>false</externally-managed-flag>
            </attribute-definition>
            <attribute-definition attribute-id="Adyen_Mode">
                <display-name xml:lang="x-default">Test/Production Mode</display-name>
                <description xml:lang="x-default">Set to live for Production or test for test mode</description>
                <type>enum-of-string</type>
                <mandatory-flag>false</mandatory-flag>
                <externally-managed-flag>false</externally-managed-flag>
                <value-definitions>
                    <value-definition default="true">
                        <value>TEST</value>
                    </value-definition>
                    <value-definition>
                        <value>LIVE</value>
                    </value-definition>
                </value-definitions>
            </attribute-definition>
            <attribute-definition attribute-id="Adyen_merchantCode">
                <display-name xml:lang="x-default">Merchant account</display-name>
                <type>string</type>
                <mandatory-flag>false</mandatory-flag>
                <externally-managed-flag>false</externally-managed-flag>
                <min-length>0</min-length>
            </attribute-definition>
            <attribute-definition attribute-id="Adyen_Frontend_Region">
                <display-name xml:lang="x-default">Region</display-name>
                <description xml:lang="x-default">This should be set to the region closest to where your shoppers are located. It influences the speed at which front-end resources (Adyen Checkout Component) used throughout the checkout process will be retrieved.</description>
                <type>enum-of-string</type>
                <mandatory-flag>false</mandatory-flag>
                <externally-managed-flag>false</externally-managed-flag>
                <value-definitions>
                    <value-definition default="true">
                        <value>EU</value>
                    </value-definition>
                    <value-definition>
                        <value>US</value>
                    </value-definition>
                    <value-definition>
                        <value>AU</value>
                    </value-definition>
                </value-definitions>
            </attribute-definition>
            <attribute-definition attribute-id="Adyen_notification_password">
                <display-name xml:lang="x-default">Adyen Notifications Password</display-name>
                <description xml:lang="x-default">Adyen Notifications Password for basic Authentication</description>
                <type>password</type>
                <mandatory-flag>false</mandatory-flag>
                <externally-managed-flag>false</externally-managed-flag>
                <min-length>0</min-length>
                <field-length>0</field-length>
            </attribute-definition>
            <attribute-definition attribute-id="Adyen_notification_user">
                <display-name xml:lang="x-default">Adyen Notifications User</display-name>
                <description xml:lang="x-default">Adyen Notifications User for Basic Authentication</description>
                <type>string</type>
                <mandatory-flag>false</mandatory-flag>
                <externally-managed-flag>false</externally-managed-flag>
                <min-length>0</min-length>
                <field-length>0</field-length>
            </attribute-definition>
            <attribute-definition attribute-id="AdyenSalePaymentMethods">
                <display-name xml:lang="x-default">Payment methods with SALE flow</display-name>
                <description xml:lang="x-default">Only applicable for Salesforce OMS. List the txvariants with Authorisation type SALE comma separated (e.g. ideal,sepadirectdebit,paypal).</description>
                <type>string</type>
                <mandatory-flag>false</mandatory-flag>
                <externally-managed-flag>false</externally-managed-flag>
                <min-length>0</min-length>
                <field-length>0</field-length>
            </attribute-definition>
            <attribute-definition attribute-id="Adyen_StoreId">
                <display-name xml:lang="x-default">StoreId for Terminal API</display-name>
                <description xml:lang="x-default">StoreId for Terminal API</description>
                <type>string</type>
                <mandatory-flag>false</mandatory-flag>
                <externally-managed-flag>false</externally-managed-flag>
                <min-length>0</min-length>
                <field-length>0</field-length>
            </attribute-definition>
             <attribute-definition attribute-id="Adyen_API_Key">
                <display-name xml:lang="x-default">X-API-KEY of Web service</display-name>
                <description xml:lang="x-default">X-API-KEY of Web service</description>
                <type>password</type>
                <mandatory-flag>false</mandatory-flag>
                <externally-managed-flag>false</externally-managed-flag>
                <min-length>0</min-length>
                <field-length>0</field-length>
            </attribute-definition>
            <attribute-definition attribute-id="AdyenGiving_enabled">
                <display-name xml:lang="x-default">Enable Adyen Giving</display-name>
                <type>boolean</type>
                <mandatory-flag>false</mandatory-flag>
                <externally-managed-flag>false</externally-managed-flag>
                <default-value>false</default-value>
            </attribute-definition>
            <attribute-definition attribute-id="AdyenGiving_charityAccount">
                <display-name xml:lang="x-default">Charity merchant account</display-name>
                <description xml:lang="x-default">Adyen's merchant account from Charity</description>
                <type>string</type>
                <mandatory-flag>false</mandatory-flag>
                <externally-managed-flag>false</externally-managed-flag>
                <min-length>0</min-length>
            </attribute-definition>
            <attribute-definition attribute-id="AdyenGiving_charityName">
                <display-name xml:lang="x-default">Charity name</display-name>
                <type>string</type>
                <mandatory-flag>false</mandatory-flag>
                <externally-managed-flag>false</externally-managed-flag>
                <min-length>0</min-length>
            </attribute-definition>
            <attribute-definition attribute-id="AdyenGiving_donationAmounts">
                <display-name xml:lang="x-default">Amounts for donation</display-name>
                <description xml:lang="x-default">Comma separated values in minor units (e.g. $10.00 = 1000)</description>
                <type>string</type>
                <mandatory-flag>false</mandatory-flag>
                <externally-managed-flag>false</externally-managed-flag>
                <min-length>0</min-length>
            </attribute-definition>
            <attribute-definition attribute-id="AdyenGiving_charityDescription">
                <display-name xml:lang="x-default">Description of charity</display-name>
                <type>string</type>
                <mandatory-flag>false</mandatory-flag>
                <externally-managed-flag>false</externally-managed-flag>
                <min-length>0</min-length>
            </attribute-definition>
            <attribute-definition attribute-id="AdyenGiving_charityUrl">
                <display-name xml:lang="x-default">Website from charity</display-name>
                <description xml:lang="x-default">e.g. https://www.mycharity.com</description>
                <type>string</type>
                <mandatory-flag>false</mandatory-flag>
                <externally-managed-flag>false</externally-managed-flag>
                <min-length>0</min-length>
            </attribute-definition>
            <attribute-definition attribute-id="AdyenGiving_backgroundUrl">
                <display-name xml:lang="x-default">Background image of Adyen Giving component</display-name>
                <description xml:lang="x-default"></description>
                <type>image</type>
                <mandatory-flag>false</mandatory-flag>
                <externally-managed-flag>false</externally-managed-flag>
                <min-length>0</min-length>
            </attribute-definition>
            <attribute-definition attribute-id="AdyenGiving_logoUrl">
                <display-name xml:lang="x-default">Logo in Adyen Giving component</display-name>
                <description xml:lang="x-default"></description>
                <type>image</type>
                <mandatory-flag>false</mandatory-flag>
                <externally-managed-flag>false</externally-managed-flag>
                <min-length>0</min-length>
            </attribute-definition>
            <attribute-definition attribute-id="Adyen_ClientKey">
                <display-name xml:lang="x-default">Your Adyen Client Key. Required to accept both live and test payments</display-name>
                <description xml:lang="x-default">Retrieve this value from Customer Area</description>
                <type>string</type>
                <mandatory-flag>true</mandatory-flag>
                <externally-managed-flag>false</externally-managed-flag>
                <min-length>0</min-length>
            </attribute-definition>
            <attribute-definition attribute-id="Adyen_GooglePayMerchantID">
                <display-name xml:lang="x-default">Your Google MerchantID (required in production only)</display-name>
                <description xml:lang="x-default">As described in https://developers.google.com/pay/api/web/guides/test-and-deploy/deploy-production-environment#obtain-your-merchantID</description>
                <type>string</type>
                <mandatory-flag>false</mandatory-flag>
                <externally-managed-flag>false</externally-managed-flag>
                <min-length>0</min-length>
            </attribute-definition>
            <attribute-definition attribute-id="Adyen_IntegratorName">
                <display-name xml:lang="x-default">System Integrator </display-name>
                <description xml:lang="x-default">Name of system integrator (if any)</description>
                <type>string</type>
                <mandatory-flag>false</mandatory-flag>
                <externally-managed-flag>false</externally-managed-flag>
                <min-length>0</min-length>
            </attribute-definition>
            <attribute-definition attribute-id="Adyen_SFRA6_Compatibility">
                <display-name xml:lang="x-default">SFRA v6 compatibility enabled </display-name>
                <description xml:lang="x-default">This setting should be enabled when using SFRA v6. Otherwise it should be disabled</description>
                <type>boolean</type>
                <mandatory-flag>false</mandatory-flag>
                <externally-managed-flag>false</externally-managed-flag>
                <default-value>false</default-value>
            </attribute-definition>
        </custom-attribute-definitions>
        <group-definitions>
            <attribute-group group-id="Adyen">
                <display-name xml:lang="x-default">Adyen Account Settings</display-name>
                <attribute attribute-id="Adyen_merchantCode"/>
                <attribute attribute-id="Adyen_API_Key"/>
                <attribute attribute-id="Adyen_Mode"/>
                <attribute attribute-id="Adyen_Frontend_Region"/>
                <attribute attribute-id="Adyen_ClientKey"/>
                <attribute attribute-id="Adyen_SFRA6_Compatibility"/>

                <attribute attribute-id="Adyen_notification_user"/>
                <attribute attribute-id="Adyen_notification_password"/>

                <attribute attribute-id="Adyen_GooglePayMerchantID"/>

                <attribute attribute-id="AdyenRatePayID"/>

                <attribute attribute-id="Adyen_IntegratorName"/>
                <attribute attribute-id="Adyen_StoreId"/>

                <attribute attribute-id="Adyen3DS2Enabled"/>
                <attribute attribute-id="AdyenOneClickEnabled"/>
                <attribute attribute-id="AdyenCreditCardInstallments"/>
                <attribute attribute-id="AdyenBasketFieldsEnabled"/>
                <attribute attribute-id="AdyenLevel23DataEnabled"/>
                <attribute attribute-id="AdyenCardHolderName_enabled"/>
                <attribute attribute-id="AdyenLevel23_CommodityCode"/>

                <attribute attribute-id="AdyenSalePaymentMethods"/>

                <attribute attribute-id="AdyenGiving_enabled"/>
                <attribute attribute-id="AdyenGiving_charityName"/>
                <attribute attribute-id="AdyenGiving_charityAccount"/>
                <attribute attribute-id="AdyenGiving_donationAmounts"/>
                <attribute attribute-id="AdyenGiving_charityDescription"/>
                <attribute attribute-id="AdyenGiving_charityUrl"/>
                <attribute attribute-id="AdyenGiving_backgroundUrl"/>
                <attribute attribute-id="AdyenGiving_logoUrl"/>
            </attribute-group>
        </group-definitions>
</type-extension>
</metadata>
