<?xml version="1.0" encoding="UTF-8"?>
<metadata xmlns="http://www.demandware.com/xml/impex/metadata/2006-10-31">
    <type-extension type-id="Order">
        <custom-attribute-definitions>
            <attribute-definition attribute-id="Adyen_eventCode">
                <display-name xml:lang="x-default">eventCode</display-name>
                <description xml:lang="x-default">AUTHORISATION, CANCELLATION, REFUND</description>
                <type>string</type>
                <mandatory-flag>false</mandatory-flag>
                <externally-managed-flag>false</externally-managed-flag>
                <min-length>0</min-length>
            </attribute-definition>
            <attribute-definition attribute-id="Adyen_paymentMethod">
                <display-name xml:lang="x-default">paymentMethod</display-name>
                <description xml:lang="x-default">paymentMethod used by shopper</description>
                <type>string</type>
                <mandatory-flag>false</mandatory-flag>
                <externally-managed-flag>false</externally-managed-flag>
                <min-length>0</min-length>
                <field-length>0</field-length>
            </attribute-definition>
            <attribute-definition attribute-id="Adyen_pspReference">
                <display-name xml:lang="x-default">pspReference</display-name>
                <description xml:lang="x-default">Internal Adyen ID</description>
                <type>string</type>
                <mandatory-flag>false</mandatory-flag>
                <externally-managed-flag>false</externally-managed-flag>
                <min-length>0</min-length>
                <field-length>0</field-length>
            </attribute-definition>
            <attribute-definition attribute-id="Adyen_value">
                <display-name xml:lang="x-default">Amount</display-name>
                <description xml:lang="x-default">Amount paid (divide by 100)</description>
                <type>string</type>
                <mandatory-flag>false</mandatory-flag>
                <externally-managed-flag>false</externally-managed-flag>
                <min-length>0</min-length>
            </attribute-definition>
            <attribute-definition attribute-id="Adyen_CustomerEmail">
                <display-name xml:lang="x-default">Adyen Customer email</display-name>
                <description xml:lang="x-default">Confirmation email to shopper</description>
                <type>text</type>
                <mandatory-flag>false</mandatory-flag>
                <externally-managed-flag>false</externally-managed-flag>
                <min-length>0</min-length>
            </attribute-definition>
        </custom-attribute-definitions>
        <group-definitions>
            <attribute-group group-id="AdyenPayments">
                <display-name xml:lang="x-default">AdyenPayments</display-name>
                <attribute attribute-id="Adyen_pspReference"/>
                <attribute attribute-id="Adyen_eventCode"/>
                <attribute attribute-id="Adyen_paymentMethod"/>
                <attribute attribute-id="Adyen_value"/>
            </attribute-group>
        </group-definitions>
    </type-extension>

    <type-extension type-id="OrderPaymentInstrument">
        <custom-attribute-definitions>
            <attribute-definition attribute-id="adyenIssuerName">
                <display-name xml:lang="x-default">adyenIssuerName</display-name>
                <description xml:lang="x-default">Selected issuer name</description>
                <type>string</type>
                <mandatory-flag>false</mandatory-flag>
                <externally-managed-flag>false</externally-managed-flag>
                <min-length>0</min-length>
            </attribute-definition>
            <attribute-definition attribute-id="adyenPaymentMethod">
                <display-name xml:lang="x-default">adyenPaymentMethod</display-name>
                <description xml:lang="x-default">paymentMethod used by shopper</description>
                <type>string</type>
                <mandatory-flag>false</mandatory-flag>
                <externally-managed-flag>false</externally-managed-flag>
                <min-length>0</min-length>
                <field-length>0</field-length>
            </attribute-definition>
            <attribute-definition attribute-id="adyenAdditionalPaymentData">
                <display-name xml:lang="x-default">adyenAdditionalPaymentData</display-name>
                <description xml:lang="x-default">Additional data for payment method</description>
                <type>string</type>
                <mandatory-flag>false</mandatory-flag>
                <externally-managed-flag>false</externally-managed-flag>
                <min-length>0</min-length>
                <field-length>0</field-length>
            </attribute-definition>
             <attribute-definition attribute-id="adyenAction">
                <display-name xml:lang="x-default">adyenAction</display-name>
                <description xml:lang="x-default">Action data from payment response</description>
                <type>string</type>
                <mandatory-flag>false</mandatory-flag>
                <externally-managed-flag>false</externally-managed-flag>
                <min-length>0</min-length>
                <field-length>0</field-length>
            </attribute-definition>
            <attribute-definition attribute-id="adyenPaymentData">
                <display-name xml:lang="x-default">adyenPaymentData</display-name>
                <description xml:lang="x-default">Adyen PaymentData 3D Secure</description>
                <type>text</type>
                <mandatory-flag>false</mandatory-flag>
                <externally-managed-flag>false</externally-managed-flag>
                <min-length>0</min-length>
                <field-length>0</field-length>
            </attribute-definition>
        </custom-attribute-definitions>
        <group-definitions>
            <attribute-group group-id="AdyenPayment">
                <display-name xml:lang="x-default">AdyenPayment</display-name>
                <attribute attribute-id="adyenIssuerName"/>
                <attribute attribute-id="adyenPaymentMethod"/>
                <attribute attribute-id="adyenPaymentData"/>
            </attribute-group>
        </group-definitions>
    </type-extension>
    
    <type-extension type-id="CustomerPaymentInstrument">
            <custom-attribute-definitions>
                <attribute-definition attribute-id="adyenCreditCardType">
                    <display-name xml:lang="x-default">adyenCreditCardType</display-name>
                    <description xml:lang="x-default">Adyen Credit card type</description>
                    <type>string</type>
                    <mandatory-flag>false</mandatory-flag>
                    <externally-managed-flag>false</externally-managed-flag>
                    <min-length>0</min-length>
                </attribute-definition>
            </custom-attribute-definitions>
            <group-definitions>
                <attribute-group group-id="AdyenPayment">
                    <display-name xml:lang="x-default">AdyenPayment</display-name>
                    <attribute attribute-id="adyenCreditCardType"/>
                </attribute-group>
            </group-definitions>
        </type-extension>

    <type-extension type-id="PaymentTransaction">
        <system-attribute-definitions>
            <attribute-definition attribute-id="UUID">
                <min-length>0</min-length>
                <field-length>28</field-length>
            </attribute-definition>
            <attribute-definition attribute-id="creationDate"/>
            <attribute-definition attribute-id="lastModified"/>
            <attribute-definition attribute-id="transactionID">
                <min-length>0</min-length>
            </attribute-definition>
            <attribute-definition attribute-id="type">
                <value-definitions immutable="true">
                    <value-definition>
                        <display xml:lang="x-default">Authorization</display>
                        <value>TYPE_AUTH</value>
                    </value-definition>
                    <value-definition>
                        <display xml:lang="x-default">Authorization Reversal</display>
                        <value>TYPE_AUTH_REVERSAL</value>
                    </value-definition>
                    <value-definition>
                        <display xml:lang="x-default">Capture</display>
                        <value>TYPE_CAPTURE</value>
                    </value-definition>
                    <value-definition>
                        <display xml:lang="x-default">Credit</display>
                        <value>TYPE_CREDIT</value>
                    </value-definition>
                </value-definitions>
            </attribute-definition>
        </system-attribute-definitions>
        <custom-attribute-definitions>
            <attribute-definition attribute-id="AmountPaid">
                <display-name xml:lang="x-default">Amount Paid</display-name>
                <type>double</type>
                <mandatory-flag>false</mandatory-flag>
                <externally-managed-flag>false</externally-managed-flag>
            </attribute-definition>
            <attribute-definition attribute-id="approvalStatus">
                <display-name xml:lang="x-default">Approval Status</display-name>
                <type>string</type>
                <mandatory-flag>false</mandatory-flag>
                <externally-managed-flag>false</externally-managed-flag>
                <min-length>0</min-length>
            </attribute-definition>
            <attribute-definition attribute-id="authAmount">
                <display-name xml:lang="x-default">Auth Amount</display-name>
                <type>string</type>
                <mandatory-flag>false</mandatory-flag>
                <externally-managed-flag>false</externally-managed-flag>
                <min-length>0</min-length>
            </attribute-definition>
            <attribute-definition attribute-id="authCode">
                <display-name xml:lang="x-default">Authorization Code</display-name>
                <type>string</type>
                <mandatory-flag>false</mandatory-flag>
                <externally-managed-flag>false</externally-managed-flag>
                <min-length>0</min-length>
            </attribute-definition>
            <attribute-definition attribute-id="cardType">
                <display-name xml:lang="x-default">Card Type</display-name>
                <type>string</type>
                <mandatory-flag>false</mandatory-flag>
                <externally-managed-flag>false</externally-managed-flag>
                <min-length>0</min-length>
            </attribute-definition>
            <attribute-definition attribute-id="requestId">
                <display-name xml:lang="x-default">Request ID</display-name>
                <type>string</type>
                <mandatory-flag>false</mandatory-flag>
                <externally-managed-flag>false</externally-managed-flag>
                <min-length>0</min-length>
            </attribute-definition>
            <attribute-definition attribute-id="requestToken">
                <display-name xml:lang="x-default">Request Token</display-name>
                <type>string</type>
                <mandatory-flag>false</mandatory-flag>
                <externally-managed-flag>false</externally-managed-flag>
                <min-length>0</min-length>
            </attribute-definition>
            <attribute-definition attribute-id="Adyen_log">
                <display-name xml:lang="x-default">Adyen Log</display-name>
                <type>text</type>
                <mandatory-flag>false</mandatory-flag>
                <externally-managed-flag>false</externally-managed-flag>
            </attribute-definition>
            <attribute-definition attribute-id="Adyen_authResult">
                <display-name xml:lang="x-default">Adyen_authResult</display-name>
                <type>string</type>
                <mandatory-flag>false</mandatory-flag>
                <externally-managed-flag>false</externally-managed-flag>
            </attribute-definition>
             <attribute-definition attribute-id="Adyen_merchantReference">
                <display-name xml:lang="x-default">Adyen_merchantReference</display-name>
                <type>string</type>
                <mandatory-flag>false</mandatory-flag>
                <externally-managed-flag>false</externally-managed-flag>
            </attribute-definition>
             <attribute-definition attribute-id="Adyen_merchantReturnData">
                <display-name xml:lang="x-default">Adyen_merchantReturnData</display-name>
                <type>string</type>
                <mandatory-flag>false</mandatory-flag>
                <externally-managed-flag>false</externally-managed-flag>
            </attribute-definition>
             <attribute-definition attribute-id="Adyen_merchantSig">
                <display-name xml:lang="x-default">Adyen_merchantSig</display-name>
                <type>string</type>
                <mandatory-flag>false</mandatory-flag>
                <externally-managed-flag>false</externally-managed-flag>
            </attribute-definition>
             <attribute-definition attribute-id="Adyen_paymentMethod">
                <display-name xml:lang="x-default">Adyen_paymentMethod</display-name>
                <type>string</type>
                <mandatory-flag>false</mandatory-flag>
                <externally-managed-flag>false</externally-managed-flag>
            </attribute-definition>
             <attribute-definition attribute-id="Adyen_pspReference">
                <display-name xml:lang="x-default">Adyen_pspReference</display-name>
                <type>string</type>
                <mandatory-flag>false</mandatory-flag>
                <externally-managed-flag>false</externally-managed-flag>
            </attribute-definition>
             <attribute-definition attribute-id="Adyen_shopperLocale">
                <display-name xml:lang="x-default">Adyen_shopperLocale</display-name>
                <type>string</type>
                <mandatory-flag>false</mandatory-flag>
                <externally-managed-flag>false</externally-managed-flag>
            </attribute-definition>
             <attribute-definition attribute-id="Adyen_skinCode">
                <display-name xml:lang="x-default">Adyen_skinCode</display-name>
                <type>string</type>
                <mandatory-flag>false</mandatory-flag>
                <externally-managed-flag>false</externally-managed-flag>
            </attribute-definition>
        </custom-attribute-definitions>
    </type-extension>


    <type-extension type-id="SitePreferences">
        <custom-attribute-definitions>
            <attribute-definition attribute-id="Adyen3DS2Enabled">
                <display-name xml:lang="x-default">3DS2 Enabled</display-name>
                <type>boolean</type>
                <mandatory-flag>false</mandatory-flag>
                <externally-managed-flag>false</externally-managed-flag>
                <default-value>true</default-value>
            </attribute-definition>
            <attribute-definition attribute-id="AdyenSecuredFieldsEnabled">
                <display-name xml:lang="x-default">Secured Fields enabled</display-name>
                <type>boolean</type>
                <mandatory-flag>false</mandatory-flag>
                <externally-managed-flag>false</externally-managed-flag>
                <default-value>true</default-value>
            </attribute-definition>
            <attribute-definition attribute-id="AdyenRatePayID">
                <display-name xml:lang="x-default">RatePay ID</display-name>
                <type>string</type>
                <mandatory-flag>false</mandatory-flag>
                <externally-managed-flag>false</externally-managed-flag>
                <min-length>0</min-length>
                <default-value>oj9GsQ</default-value>
            </attribute-definition>
            <attribute-definition attribute-id="AdyenRecurringEnabled">
                <display-name xml:lang="x-default">Store shopper details: recurring</display-name>
                <description xml:lang="x-default">Tokenize shopper details for recurring payments</description>
                <type>boolean</type>
                <mandatory-flag>false</mandatory-flag>
                <externally-managed-flag>false</externally-managed-flag>
                <default-value>false</default-value>
            </attribute-definition>
            <attribute-definition attribute-id="AdyenOneClickEnabled">
                <display-name xml:lang="x-default">Store shopper details: one-click</display-name>
                <description xml:lang="x-default">Tokenize shopper details for one-click payments</description>
                <type>boolean</type>
                <mandatory-flag>false</mandatory-flag>
                <externally-managed-flag>false</externally-managed-flag>
                <default-value>false</default-value>
            </attribute-definition>
            <attribute-definition attribute-id="AdyenBasketFieldsEnabled">
                <display-name xml:lang="x-default">Basket Fields Enabled</display-name>
                <type>boolean</type>
                <mandatory-flag>false</mandatory-flag>
                <externally-managed-flag>false</externally-managed-flag>
                <default-value>true</default-value>
            </attribute-definition>
            <attribute-definition attribute-id="Adyen_Debug">
                <display-name xml:lang="x-default">Enable adyen debug mode</display-name>
                <description xml:lang="x-default">yes / no</description>
                <type>boolean</type>
                <mandatory-flag>false</mandatory-flag>
                <externally-managed-flag>false</externally-managed-flag>
            </attribute-definition>
            <attribute-definition attribute-id="Adyen_Mode">
                <display-name xml:lang="x-default">Test/Production Mode</display-name>
                <description xml:lang="x-default">Set to live for Production or test for test mode</description>
                <type>enum-of-string</type>
                <mandatory-flag>false</mandatory-flag>
                <externally-managed-flag>false</externally-managed-flag>
                <value-definitions>
                    <value-definition default="true">
                        <value>TEST</value>
                    </value-definition>
                    <value-definition>
                        <value>LIVE</value>
                    </value-definition>
                </value-definitions>
            </attribute-definition>
            <attribute-definition attribute-id="Adyen_merchantCode">
                <display-name xml:lang="x-default">Merchant account</display-name>
                <type>string</type>
                <mandatory-flag>false</mandatory-flag>
                <externally-managed-flag>false</externally-managed-flag>
                <min-length>0</min-length>
            </attribute-definition>
            <attribute-definition attribute-id="Adyen_notification_password">
                <display-name xml:lang="x-default">Adyen Notifications Password</display-name>
                <description xml:lang="x-default">Adyen Notifications Password for basic Authentication</description>
                <type>password</type>
                <mandatory-flag>false</mandatory-flag>
                <externally-managed-flag>false</externally-managed-flag>
                <min-length>0</min-length>
                <field-length>0</field-length>
            </attribute-definition>
            <attribute-definition attribute-id="Adyen_notification_user">
                <display-name xml:lang="x-default">Adyen Notifications User</display-name>
                <description xml:lang="x-default">Adyen Notifications User for Basic Authentication</description>
                <type>string</type>
                <mandatory-flag>false</mandatory-flag>
                <externally-managed-flag>false</externally-managed-flag>
                <min-length>0</min-length>
                <field-length>0</field-length>
            </attribute-definition>
              <attribute-definition attribute-id="Adyen_POIID">
                <display-name xml:lang="x-default">Adyen POS unique terminal ID</display-name>
                <description xml:lang="x-default">Adyen POS unique terminal ID</description>
                <type>string</type>
                <mandatory-flag>false</mandatory-flag>
                <externally-managed-flag>false</externally-managed-flag>
                <min-length>0</min-length>
                <field-length>0</field-length>
            </attribute-definition>
             <attribute-definition attribute-id="Adyen_API_Key">
                <display-name xml:lang="x-default">X-API-KEY of Web service</display-name>
                <description xml:lang="x-default">X-API-KEY of Web service</description>
                <type>password</type>
                <mandatory-flag>false</mandatory-flag>
                <externally-managed-flag>false</externally-managed-flag>
                <min-length>0</min-length>
                <field-length>0</field-length>
            </attribute-definition>
            <attribute-definition attribute-id="Adyen_multi_terminals">
                <display-name xml:lang="x-default">Terminal configuration JSON</display-name>
                <description xml:lang="x-default">Terminal configuration JSON</description>
                <type>text</type>
                <mandatory-flag>false</mandatory-flag>
                <externally-managed-flag>false</externally-managed-flag>
                <min-length>0</min-length>
                <field-length>0</field-length>
            </attribute-definition>
        </custom-attribute-definitions>
        <group-definitions>
            <attribute-group group-id="Adyen">
                <display-name xml:lang="x-default">Adyen Account Settings</display-name>
                <attribute attribute-id="Adyen_merchantCode"/>
                <attribute attribute-id="Adyen_Mode"/>    
                <attribute attribute-id="Adyen_API_Key"/>        
                <attribute attribute-id="Adyen_Debug"/>
                <attribute attribute-id="AdyenSecuredFieldsEnabled"/>
                <attribute attribute-id="Adyen3DS2Enabled"/>
                <attribute attribute-id="AdyenRecurringEnabled"/>
                <attribute attribute-id="AdyenOneClickEnabled"/>
                <attribute attribute-id="AdyenBasketFieldsEnabled"/>
	            <attribute attribute-id="Adyen_notification_user"/>
                <attribute attribute-id="Adyen_notification_password"/>
                <attribute attribute-id="AdyenRatePayID"/>
                <attribute attribute-id="Adyen_POIID"/>
                <attribute attribute-id="Adyen_multi_terminals"/>
            </attribute-group>
        </group-definitions>
</type-extension>
</metadata>
