<?xml version="1.0" encoding="UTF-8"?>
<services xmlns="http://www.demandware.com/xml/impex/services/2014-09-26">
    <service-credential service-credential-id="AdyenPayment">
        <url>https://checkout-test.adyen.com/checkout/v68/payments</url>
        <user-id></user-id>
        <password/>
    </service-credential>
    <service-credential service-credential-id="AdyenPaymentLive">
        <url>https://[YOUR_LIVE_PREFIX]-checkout-live.adyenpayments.com/checkout/v68/payments</url>
        <user-id></user-id>
        <password/>
    </service-credential>
    <service-credential service-credential-id="AdyenPaymentDetails">
        <url>https://checkout-test.adyen.com/checkout/v68/payments/details</url>
        <user-id></user-id>
        <password/>
    </service-credential>
    <service-credential service-credential-id="AdyenSessions">
        <url>https://checkout-test.adyen.com/checkout/v68/sessions</url>
        <user-id></user-id>
        <password/>
    </service-credential>
    <service-credential service-credential-id="AdyenSessionsLive">
        <url>https://[YOUR_LIVE_PREFIX]-checkout-live.adyenpayments.com/checkout/v68/sessions</url>
        <user-id></user-id>
        <password/>
    </service-credential>
    <service-credential service-credential-id="AdyenPaymentDetailsLive">
        <url>https://[YOUR_LIVE_PREFIX]-checkout-live.adyenpayments.com/checkout/v68/payments/details</url>
        <user-id></user-id>
        <password/>
    </service-credential>
    <service-credential service-credential-id="AdyenCheckoutPaymentMethods">
        <url>https://checkout-test.adyen.com/v68/paymentMethods</url>
        <user-id></user-id>
        <password/>
    </service-credential>
    <service-credential service-credential-id="AdyenCheckoutPaymentMethodsLive">
        <url>https://[YOUR_LIVE_PREFIX]-checkout-live.adyenpayments.com/checkout/v68/paymentMethods</url>
        <user-id></user-id>
        <password/>
    </service-credential>
    <service-credential service-credential-id="AdyenRecurringDisable">
        <url>https://pal-test.adyen.com/pal/servlet/Recurring/v68/disable</url>
        <user-id></user-id>
        <password/>
    </service-credential>
    <service-credential service-credential-id="AdyenRecurringDisableLive">
        <url>https://[YOUR_LIVE_PREFIX]-pal-live.adyenpayments.com/pal/servlet/Recurring/v68/disable</url>
        <user-id></user-id>
        <password/>
    </service-credential>
    <service-credential service-credential-id="AdyenPosPayment">
        <url>https://terminal-api-test.adyen.com/sync</url>
        <user-id></user-id>
        <password/>
    </service-credential>
    <service-credential service-credential-id="AdyenPosPaymentLive">
        <url>https://[YOUR_LIVE_PREFIX]-terminal-api-live.adyenpayments.com/sync</url>
        <user-id></user-id>
        <password/>
    </service-credential>
    <service-credential service-credential-id="AdyenConnectedTerminals">
        <url>https://terminal-api-test.adyen.com/connectedTerminals</url>
        <user-id></user-id>
        <password/>
    </service-credential>
    <service-credential service-credential-id="AdyenConnectedTerminalsLive">
        <url>https://[YOUR_LIVE_PREFIX]-terminal-api-live.adyenpayments.com/connectedTerminals</url>
        <user-id></user-id>
        <password/>
    </service-credential>
    <service-credential service-credential-id="AdyenGiving">
        <url>https://pal-test.adyen.com/pal/servlet/Payment/v40/donate</url>
        <user-id></user-id>
        <password/>
    </service-credential>
    <service-credential service-credential-id="AdyenGivingLive">
        <url>https://[YOUR_LIVE_PREFIX]-pal-live.adyenpayments.com/pal/servlet/Payment/v40/donate</url>
        <user-id></user-id>
        <password/>
    </service-credential>

    <service-profile service-profile-id="Adyen">
        <timeout-millis>30000</timeout-millis>
        <cb-enabled>false</cb-enabled>
    </service-profile>
    <service-profile service-profile-id="AdyenPOS">
        <timeout-millis>100000</timeout-millis>
        <cb-enabled>false</cb-enabled>
    </service-profile>

    <service service-id="AdyenPayment">
        <service-type>HTTP</service-type>
        <enabled>true</enabled>
        <log-prefix>adyen</log-prefix>
        <comm-log-enabled>true</comm-log-enabled>
        <mock-mode-enabled>false</mock-mode-enabled>
        <profile-id>Adyen</profile-id>
        <credential-id>AdyenPayment</credential-id>
    </service>
    <service service-id="AdyenPaymentDetails">
        <service-type>HTTP</service-type>
        <enabled>true</enabled>
        <log-prefix>adyen</log-prefix>
        <comm-log-enabled>true</comm-log-enabled>
        <mock-mode-enabled>false</mock-mode-enabled>
        <profile-id>Adyen</profile-id>
        <credential-id>AdyenPaymentDetails</credential-id>
    </service>
    <service service-id="AdyenRecurring">
        <service-type>HTTP</service-type>
        <enabled>true</enabled>
        <log-prefix>adyen</log-prefix>
        <comm-log-enabled>true</comm-log-enabled>
        <mock-mode-enabled>false</mock-mode-enabled>
        <profile-id>Adyen</profile-id>
        <credential-id>AdyenRecurring</credential-id>
    </service>
    <service service-id="AdyenCheckoutPaymentMethods">
        <service-type>HTTP</service-type>
        <enabled>true</enabled>
        <log-prefix>adyen</log-prefix>
        <comm-log-enabled>true</comm-log-enabled>
        <mock-mode-enabled>false</mock-mode-enabled>
        <profile-id>Adyen</profile-id>
        <credential-id>AdyenCheckoutPaymentMethods</credential-id>
    </service>
    <service service-id="AdyenSessions">
        <service-type>HTTP</service-type>
        <enabled>true</enabled>
        <log-prefix>adyen</log-prefix>
        <comm-log-enabled>true</comm-log-enabled>
        <mock-mode-enabled>false</mock-mode-enabled>
        <profile-id>Adyen</profile-id>
        <credential-id>AdyenSessions</credential-id>
    </service>
    <service service-id="AdyenRecurringDisable">
        <service-type>HTTP</service-type>
        <enabled>true</enabled>
        <log-prefix>adyen</log-prefix>
        <comm-log-enabled>true</comm-log-enabled>
        <mock-mode-enabled>false</mock-mode-enabled>
        <profile-id></profile-id>
        <credential-id>AdyenRecurringDisable</credential-id>
    </service>
    <service service-id="AdyenPosPayment">
        <service-type>HTTP</service-type>
        <enabled>true</enabled>
        <log-prefix>adyen</log-prefix>
        <comm-log-enabled>true</comm-log-enabled>
        <mock-mode-enabled>false</mock-mode-enabled>
        <profile-id>AdyenPOS</profile-id>
        <credential-id>AdyenPosPayment</credential-id>
    </service>
    <service service-id="AdyenConnectedTerminals">
        <service-type>HTTP</service-type>
        <enabled>true</enabled>
        <log-prefix>adyen</log-prefix>
        <comm-log-enabled>true</comm-log-enabled>
        <mock-mode-enabled>false</mock-mode-enabled>
        <profile-id>Adyen</profile-id>
        <credential-id>AdyenConnectedTerminals</credential-id>
    </service>
    <service service-id="AdyenGiving">
        <service-type>HTTP</service-type>
        <enabled>true</enabled>
        <log-prefix>adyen</log-prefix>
        <comm-log-enabled>true</comm-log-enabled>
        <mock-mode-enabled>false</mock-mode-enabled>
        <profile-id>Adyen</profile-id>
        <credential-id>AdyenGiving</credential-id>
    </service>
</services>
