<?xml version="1.0" encoding="UTF-8"?>
<metadata xmlns="http://www.demandware.com/xml/impex/metadata/2006-10-31">
	<type-extension type-id="Order">        
        <custom-attribute-definitions>
            <attribute-definition attribute-id="Adyen_eventCode">
                <display-name xml:lang="x-default">eventCode</display-name>
                <description xml:lang="x-default">AUTHORISATION, CANCELLATION, REFUND</description>
                <type>string</type>
                <mandatory-flag>false</mandatory-flag>
                <externally-managed-flag>false</externally-managed-flag>
                <min-length>0</min-length>
            </attribute-definition>
            <attribute-definition attribute-id="Adyen_paymentMethod">
                <display-name xml:lang="x-default">paymentMethod</display-name>
                <description xml:lang="x-default">paymentMethod used by shopper</description>
                <type>string</type>
                <mandatory-flag>false</mandatory-flag>
                <externally-managed-flag>false</externally-managed-flag>
                <min-length>0</min-length>
                <field-length>0</field-length>
            </attribute-definition>
            <attribute-definition attribute-id="Adyen_pspReference">
                <display-name xml:lang="x-default">pspReference</display-name>
                <description xml:lang="x-default">Internal Adyen ID</description>
                <type>string</type>
                <mandatory-flag>false</mandatory-flag>
                <externally-managed-flag>false</externally-managed-flag>
                <min-length>0</min-length>
                <field-length>0</field-length>
            </attribute-definition>
            <attribute-definition attribute-id="Adyen_value">
                <display-name xml:lang="x-default">Amount</display-name>
                <description xml:lang="x-default">Amount paid (divide by 100)</description>
                <type>string</type>
                <mandatory-flag>false</mandatory-flag>
                <externally-managed-flag>false</externally-managed-flag>
                <min-length>0</min-length>
            </attribute-definition>       
        </custom-attribute-definitions>
        <group-definitions>
            <attribute-group group-id="AdyenPayments">
                <display-name xml:lang="x-default">AdyenPayments</display-name>
                <attribute attribute-id="Adyen_pspReference"/>
                <attribute attribute-id="Adyen_eventCode"/>
                <attribute attribute-id="Adyen_paymentMethod"/>
                <attribute attribute-id="Adyen_value"/>
            </attribute-group>           
        </group-definitions>
    </type-extension>
	
	<type-extension type-id="CustomerAddress">
        <custom-attribute-definitions>
            <attribute-definition attribute-id="streetName">
                <display-name xml:lang="x-default">Street Name</display-name>
                <type>string</type>
                <mandatory-flag>false</mandatory-flag>
                <externally-managed-flag>false</externally-managed-flag>
                <min-length>0</min-length>
            </attribute-definition>
        </custom-attribute-definitions>
        <group-definitions>
            <attribute-group group-id="Standard">
                <display-name xml:lang="x-default">Standard Address</display-name>
                <attribute attribute-id="ID" system="true"/>
                <attribute attribute-id="title" system="true"/>
                <attribute attribute-id="companyName" system="true"/>
                <attribute attribute-id="salutation" system="true"/>
                <attribute attribute-id="firstName" system="true"/>
                <attribute attribute-id="secondName" system="true"/>
                <attribute attribute-id="lastName" system="true"/>
                <attribute attribute-id="suffix" system="true"/>
                <attribute attribute-id="address1" system="true"/>
                <attribute attribute-id="address2" system="true"/>
                <attribute attribute-id="suite" system="true"/>
                <attribute attribute-id="streetName"/>
                <attribute attribute-id="postBox" system="true"/>
                <attribute attribute-id="city" system="true"/>
                <attribute attribute-id="postalCode" system="true"/>
                <attribute attribute-id="countryCode" system="true"/>
                <attribute attribute-id="stateCode" system="true"/>
                <attribute attribute-id="phone" system="true"/>
            </attribute-group>
        </group-definitions>
    </type-extension>

    <type-extension type-id="OrderAddress">
        <custom-attribute-definitions>
            <attribute-definition attribute-id="streetName">
                <display-name xml:lang="x-default">Street Name</display-name>
                <type>string</type>
                <mandatory-flag>false</mandatory-flag>
                <externally-managed-flag>false</externally-managed-flag>
                <min-length>0</min-length>
                <field-length>0</field-length>
            </attribute-definition>
        </custom-attribute-definitions>
        <group-definitions>
            <attribute-group group-id="Standard">
                <display-name xml:lang="x-default">Standard Address</display-name>
                <attribute attribute-id="title" system="true"/>
                <attribute attribute-id="companyName" system="true"/>
                <attribute attribute-id="salutation" system="true"/>
                <attribute attribute-id="firstName" system="true"/>
                <attribute attribute-id="secondName" system="true"/>
                <attribute attribute-id="lastName" system="true"/>
                <attribute attribute-id="suffix" system="true"/>
                <attribute attribute-id="address1" system="true"/>
                <attribute attribute-id="address2" system="true"/>
                <attribute attribute-id="suite" system="true"/>
                <attribute attribute-id="streetName"/>
                <attribute attribute-id="postBox" system="true"/>
                <attribute attribute-id="city" system="true"/>
                <attribute attribute-id="postalCode" system="true"/>
                <attribute attribute-id="countryCode" system="true"/>
                <attribute attribute-id="stateCode" system="true"/>
                <attribute attribute-id="phone" system="true"/>
            </attribute-group>
        </group-definitions>
    </type-extension>
	
	<type-extension type-id="SitePreferences">
        <custom-attribute-definitions>
            <attribute-definition attribute-id="Adyen_Debug">
                <display-name xml:lang="x-default">Enable adyen debug mode</display-name>
                <description xml:lang="x-default">yes / no</description>
                <type>boolean</type>
                <mandatory-flag>false</mandatory-flag>
                <externally-managed-flag>false</externally-managed-flag>
            </attribute-definition>
            <attribute-definition attribute-id="Adyen_HMACkey">
                <display-name xml:lang="x-default">HMACkey</display-name>
                <description xml:lang="x-default">Key used to calculate a signature</description>
                <type>string</type>
                <mandatory-flag>false</mandatory-flag>
                <externally-managed-flag>false</externally-managed-flag>
                <min-length>0</min-length>
            </attribute-definition>
            <attribute-definition attribute-id="Adyen_Mode">
                <display-name xml:lang="x-default">Test/Production Mode</display-name>
                <description xml:lang="x-default">Set to live for Production or test for test mode</description>
                <type>enum-of-string</type>
                <mandatory-flag>false</mandatory-flag>
                <externally-managed-flag>false</externally-managed-flag>
                <value-definitions>
                    <value-definition default="true">
                        <value>TEST</value>
                    </value-definition>
                    <value-definition>
                        <value>LIVE</value>
                    </value-definition>
                </value-definitions>
            </attribute-definition>
            <attribute-definition attribute-id="Adyen_PaymentSelection">
                <display-name xml:lang="x-default">Payment Selection</display-name>
                <description xml:lang="x-default">Multi-page (multi) or One page (one) payment selection</description>
                <type>string</type>
                <mandatory-flag>false</mandatory-flag>
                <externally-managed-flag>false</externally-managed-flag>
                <min-length>0</min-length>
                <field-length>0</field-length>
                <default-value>one</default-value>
            </attribute-definition>
            <attribute-definition attribute-id="Adyen_allowedMethods">
                <display-name xml:lang="x-default">allowedMethods</display-name>
                <description xml:lang="x-default">Payment Methods that will be shown on the Adyen HPP</description>
                <type>string</type>
                <mandatory-flag>false</mandatory-flag>
                <externally-managed-flag>false</externally-managed-flag>
                <min-length>0</min-length>
            </attribute-definition>
            <attribute-definition attribute-id="Adyen_merchantCode">
                <display-name xml:lang="x-default">merchantCode</display-name>
                <type>string</type>
                <mandatory-flag>false</mandatory-flag>
                <externally-managed-flag>false</externally-managed-flag>
                <min-length>0</min-length>
            </attribute-definition>
            <attribute-definition attribute-id="Adyen_recurringType">
                <display-name xml:lang="x-default">Recurring Type</display-name>
                <type>enum-of-string</type>
                <mandatory-flag>false</mandatory-flag>
                <externally-managed-flag>false</externally-managed-flag>
                <value-definitions>
                    <value-definition>
                        <display xml:lang="x-default">ONECLICK</display>
                        <value>ONECLICK</value>
                    </value-definition>
                    <value-definition>
                        <display xml:lang="x-default">RECURRING</display>
                        <value>RECURRING</value>
                    </value-definition>
                    <value-definition>
                        <display xml:lang="x-default">ONECLICK,RECURRING</display>
                        <value>ONECLICK,RECURRING</value>
                    </value-definition>
                </value-definitions>
            </attribute-definition>
            <attribute-definition attribute-id="Adyen_skinCode">
                <display-name xml:lang="x-default">skinCode</display-name>
                <type>string</type>
                <mandatory-flag>false</mandatory-flag>
                <externally-managed-flag>false</externally-managed-flag>
                <min-length>0</min-length>
            </attribute-definition>
			<attribute-definition attribute-id="customerEmailSubject">
                <display-name xml:lang="x-default">Customer Email Subject</display-name>
                <type>string</type>
                <mandatory-flag>false</mandatory-flag>
                <externally-managed-flag>false</externally-managed-flag>
                <min-length>0</min-length>
                <field-length>0</field-length>
                <default-value>Demandware Order Subject</default-value>
            </attribute-definition>
            <attribute-definition attribute-id="customerServiceEmail">
                <display-name xml:lang="x-default">Customer Service Email</display-name>
                <description xml:lang="x-default">From address for mail sent to shopper</description>
                <type>string</type>
                <mandatory-flag>false</mandatory-flag>
                <externally-managed-flag>false</externally-managed-flag>
                <min-length>0</min-length>
                <field-length>0</field-length>
                <default-value>noreply@demandware.net</default-value>
            </attribute-definition>	
			<attribute-definition attribute-id="pal_service_endpoint">
                <display-name xml:lang="x-default">Url to the pal service</display-name>
                <type>string</type>
                <mandatory-flag>false</mandatory-flag>
                <externally-managed-flag>false</externally-managed-flag>
                <min-length>0</min-length>
            </attribute-definition>
            <attribute-definition attribute-id="pal_service_password">
                <display-name xml:lang="x-default">Password for the pal service</display-name>
                <type>string</type>
                <mandatory-flag>false</mandatory-flag>
                <externally-managed-flag>false</externally-managed-flag>
                <min-length>0</min-length>
                <field-length>0</field-length>
            </attribute-definition>
            <attribute-definition attribute-id="pal_service_user">
                <display-name xml:lang="x-default">User for the pal service</display-name>
                <type>string</type>
                <mandatory-flag>false</mandatory-flag>
                <externally-managed-flag>false</externally-managed-flag>
                <min-length>0</min-length>
                <field-length>0</field-length>
            </attribute-definition>
			<attribute-definition attribute-id="adyen_notification_password">
                <display-name xml:lang="x-default">Adyen Notifications Password</display-name>
                <description xml:lang="x-default">Adyen Notifications Password for basic Authentication</description>
                <type>string</type>
                <mandatory-flag>false</mandatory-flag>
                <externally-managed-flag>false</externally-managed-flag>
                <min-length>0</min-length>
            </attribute-definition>
            <attribute-definition attribute-id="adyen_notification_user">
                <display-name xml:lang="x-default">Adyen Notifications User</display-name>
                <description xml:lang="x-default">Adyen Notifications User for Basic Authentication</description>
                <type>string</type>
                <mandatory-flag>false</mandatory-flag>
                <externally-managed-flag>false</externally-managed-flag>
                <min-length>0</min-length>
                <field-length>0</field-length>
            </attribute-definition>
			<attribute-definition attribute-id="Adyen_enableAVS">
                <display-name xml:lang="x-default">Enable AVS</display-name>
                <description xml:lang="x-default">Enable AVS support. Requires Street Name and House Number fields to be sent to Adyen. The result code is returned by the service and should be handled separately</description>
                <type>boolean</type>
                <mandatory-flag>false</mandatory-flag>
                <externally-managed-flag>false</externally-managed-flag>
                <default-value>false</default-value>
            </attribute-definition>
			<attribute-definition attribute-id="Adyen_address1Delimiter">
                <display-name xml:lang="x-default">Delimiter for parts of Address1 field</display-name>
                <description xml:lang="x-default">When AVS is enabled, Suite No and Street Name fields are used on the storefront instead of Address1 field. Address1 field is used behind the scenes as well, and it is populated automatically by concatenation of Suite No and Street Name values. The delimiter for parts of Address1 field can be defined here.&#13;
If empty value is specified, space will be used as a delimiter.</description>
                <type>string</type>
                <mandatory-flag>false</mandatory-flag>
                <externally-managed-flag>false</externally-managed-flag>
                <min-length>0</min-length>
                <field-length>0</field-length>
            </attribute-definition>
            <attribute-definition attribute-id="Adyen_directoryLookup">
                <display-name xml:lang="x-default">Switch to directory lookup</display-name>
                <description xml:lang="x-default">yes / no</description>
                <type>boolean</type>
                <mandatory-flag>false</mandatory-flag>
                <externally-managed-flag>false</externally-managed-flag>
            </attribute-definition>
			<attribute-definition attribute-id="HttpTimeout">
                <display-name xml:lang="x-default">Script http timeout</display-name>
                <type>double</type>
                <mandatory-flag>false</mandatory-flag>
                <externally-managed-flag>false</externally-managed-flag>
                <field-length>0</field-length>
                <default-value>30000.0</default-value>
            </attribute-definition>
		</custom-attribute-definitions>
		<group-definitions>            
            <attribute-group group-id="Adyen">
                <display-name xml:lang="x-default">Adyen Account Settings</display-name>
                <attribute attribute-id="Adyen_merchantCode"/>
                <attribute attribute-id="Adyen_skinCode"/>
                <attribute attribute-id="Adyen_HMACkey"/>
                <attribute attribute-id="Adyen_allowedMethods"/>
                <attribute attribute-id="Adyen_PaymentSelection"/>
                <attribute attribute-id="Adyen_Mode"/>
                <attribute attribute-id="Adyen_Debug"/>
                <attribute attribute-id="Adyen_recurringType"/>
                <attribute attribute-id="pal_service_user"/>
                <attribute attribute-id="pal_service_password"/>
                <attribute attribute-id="pal_service_endpoint"/>
                <attribute attribute-id="adyen_notification_password"/>
                <attribute attribute-id="adyen_notification_user"/>
                <attribute attribute-id="Adyen_enableAVS"/>
				<attribute attribute-id="Adyen_address1Delimiter"/>
				<attribute attribute-id="Adyen_directoryLookup"/>
				<attribute attribute-id="HttpTimeout"/>
            </attribute-group>            
            <attribute-group group-id="CustomerService">
                <display-name xml:lang="x-default">Customer Service Settings</display-name>
                <attribute attribute-id="customerServiceEmail"/>
                <attribute attribute-id="customerEmailSubject"/>
            </attribute-group>
        </group-definitions>
    </type-extension>
</metadata>